{
    "model_type": "KNN",
    "best_params": {
        "metric": "manhattan",
        "n_neighbors": 5,
        "weights": "distance"
    },
    "metrics": {
        "train_accuracy": 0.9997336174746937,
        "val_accuracy": 0.5888198757763975,
        "test_accuracy": 0.5888198757763975,
        "confusion_matrix": [
            [
                54,
                2,
                8,
                15,
                13,
                7,
                4
            ],
            [
                3,
                42,
                15,
                2,
                1,
                9,
                6
            ],
            [
                0,
                4,
                89,
                1,
                4,
                12,
                35
            ],
            [
                9,
                9,
                9,
                53,
                8,
                15,
                3
            ],
            [
                12,
                2,
                6,
                20,
                65,
                14,
                5
            ],
            [
                9,
                1,
                12,
                9,
                8,
                143,
                7
            ],
            [
                1,
                1,
                3,
                6,
                9,
                12,
                28
            ]
        ]
    },
    "feature_dimension": 8255
}