{
    "model_type": "KNN",
    "best_params": {
        "metric": "euclidean",
        "n_neighbors": 3,
        "weights": "uniform"
    },
    "metrics": {
        "train_accuracy": 0.9992401215805471,
        "val_accuracy": 0.9620060790273556,
        "test_accuracy": 0.9620060790273556,
        "confusion_matrix": [
            [
                96,
                0,
                1,
                2,
                0,
                0,
                0
            ],
            [
                3,
                87,
                2,
                0,
                2,
                0,
                0
            ],
            [
                0,
                3,
                97,
                1,
                0,
                0,
                1
            ],
            [
                1,
                1,
                0,
                87,
                0,
                0,
                0
            ],
            [
                0,
                3,
                2,
                2,
                82,
                1,
                0
            ],
            [
                0,
                0,
                0,
                0,
                0,
                103,
                0
            ],
            [
                0,
                0,
                0,
                0,
                0,
                0,
                81
            ]
        ]
    },
    "feature_dimension": 2048
}